{
 "0": {
  "a": 0.05681467776749923,
  "b": 0.07007400555041628,
  "c": 0.07107616404563676,
  "d": 0.05280604378661733,
  "e": 0.02335800185013876,
  "f": 0.04609929078014184,
  "g": 0.04918285538082023,
  "h": 0.03769657724329325,
  "i": 0.012719703977798334,
  "j": 0.01557200123342584,
  "k": 0.028985507246376812,
  "l": 0.044480419364785695,
  "m": 0.053422756706753005,
  "n": 0.02505396238051187,
  "o": 0.020197348134443415,
  "p": 0.0662195497995683,
  "q": 0.006012950971322849,
  "r": 0.04841196423065063,
  "s": 0.12064446500154179,
  "t": 0.06282762873882208,
  "u": 0.014569842738205366,
  "v": 0.018655565834104226,
  "w": 0.03183780450200432,
  "x": 0.0012334258402713536,
  "y": 0.013953129818069688,
  "z": 0.008094357076780759
 },
 "1": {
  "a": 0.17445266728337958,
  "b": 0.006244218316373728,
  "c": 0.013567684242984891,
  "d": 0.0064754856614246065,
  "e": 0.12550107924761023,
  "f": 0.0018501387604070306,
  "g": 0.00585877274128893,
  "h": 0.04209065679925995,
  "i": 0.10661424606845514,
  "j": 0.0008479802651865557,
  "k": 0.007323465926611162,
  "l": 0.053885291396854766,
  "m": 0.014492753623188406,
  "n": 0.026595744680851064,
  "o": 0.16157878507554732,
  "p": 0.017807585568917667,
  "q": 0.001156336725254394,
  "r": 0.07246376811594203,
  "s": 0.007169287696577244,
  "t": 0.018424298489053345,
  "u": 0.09150477952513106,
  "v": 0.004008633980881899,
  "w": 0.012565525747764416,
  "x": 0.0043940795559666975,
  "y": 0.020891150169596053,
  "z": 0.0022355843354918284
 },
 "2": {
  "a": 0.09528214616096208,
  "b": 0.02582485353068147,
  "c": 0.030218933086648164,
  "d": 0.030064754856614247,
  "e": 0.06799259944495838,
  "f": 0.01372186247301881,
  "g": 0.028060437866173297,
  "h": 0.009250693802035153,
  "i": 0.08102065988282454,
  "j": 0.0035460992907801418,
  "k": 0.020968239284613013,
  "l": 0.06537156953438175,
  "m": 0.03939253777366636,
  "n": 0.07431390687634906,
  "o": 0.07654949121184089,
  "p": 0.028060437866173297,
  "q": 0.0010021584952204748,
  "r": 0.09235275979031761,
  "s": 0.04108849830403947,
  "t": 0.04748689485044712,
  "u": 0.051418439716312055,
  "v": 0.018501387604070305,
  "w": 0.020891150169596053,
  "x": 0.010252852297255628,
  "y": 0.016419981498612395,
  "z": 0.010946654332408264
 },
 "3": {
  "a": 0.08279370952821462,
  "b": 0.018732654949121186,
  "c": 0.0316836262719704,
  "d": 0.03630897317298797,
  "e": 0.179386370644465,
  "f": 0.017961763798951588,
  "g": 0.03260869565217391,
  "h": 0.018115942028985508,
  "i": 0.06783842121492445,
  "j": 0.0022355843354918284,
  "k": 0.038775824853530684,
  "l": 0.05943570767807586,
  "m": 0.030989824236817762,
  "n": 0.06074622263336417,
  "o": 0.0538082022818378,
  "p": 0.032223250077089115,
  "q": 0.0001541782300339192,
  "r": 0.055427073697193956,
  "s": 0.039777983348751156,
  "t": 0.06922602528522973,
  "u": 0.030912735121800802,
  "v": 0.012025901942645698,
  "w": 0.009867406722170829,
  "x": 0.0009250693802035153,
  "y": 0.008325624421831638,
  "z": 0.00971322849213691
 },
 "4": {
  "a": 0.05242059821153253,
  "b": 0.004548257786000617,
  "c": 0.00979031760715387,
  "d": 0.06344434165895775,
  "e": 0.11732963305581252,
  "f": 0.006321307431390688,
  "g": 0.011023743447425224,
  "h": 0.028522972556275054,
  "i": 0.021584952204748688,
  "j": 0.00023126734505087883,
  "k": 0.019966080789392538,
  "l": 0.03669441874807277,
  "m": 0.014030218933086648,
  "n": 0.04085723095898859,
  "o": 0.029987665741597287,
  "p": 0.011332099907493062,
  "q": 0.0003083564600678384,
  "r": 0.051880974406413816,
  "s": 0.30511871723712614,
  "t": 0.05604378661732963,
  "u": 0.005164970706136293,
  "v": 0.0003083564600678384,
  "w": 0.004933703361085414,
  "x": 0.005396238051187172,
  "y": 0.10029293863706444,
  "z": 0.002466851680542707
 }
}